Kane,Bailey,kanebailey@gmail.com
Harlow,Myers,harlowmyers@gmail.com
Wynter,Kim,wynterkim@gmail.com
Esther,Thompson,estherthompson@gmail.com
Madeline,Woods,madelinewoods@gmail.com
Harley,Watts,harleywatts@gmail.com
Brandon,Robinson,brandonrobinson@gmail.com
Aliyah,Bates,aliyahbates@gmail.com
Jessica,Roberts,jessicaroberts@gmail.com
David,Norman,davidnorman@gmail.com